title,href,picture,user_name,user_href,user_image
ç™¾åˆãªã©ã„ã‚ã„ã‚,https://www.pixiv.net/artworks/91973981,https://i.pximg.net/c/360x360_70/custom-thumb/img/2021/08/14/19/53/58/91973981_p0_custom1200.jpg,betock,https://www.pixiv.net/users/14069924,https://i.pximg.net/user-profile/img/2020/05/02/21/35/13/18462317_4dc093b33657d1cade7bb0db5602a2b1_50.jpg
ãƒ¡ã‚¤ãƒ‰èƒ¡æ¡ƒï¼†ç…™ç·‹,https://www.pixiv.net/artworks/91955197,https://i.pximg.net/c/360x360_70/img-master/img/2021/08/14/00/39/06/91955197_p0_square1200.jpg,ãƒ¡ãƒªãƒ¼ã•ã‚“,https://www.pixiv.net/users/6505863,https://i.pximg.net/user-profile/img/2020/05/06/21/21/48/18511024_04e83dbdf47516ef15d28415b44c1454_50.jpg
ãƒãƒ³ãƒãƒƒã‚¿ãƒ³ã‚«ãƒ•ã‚§,https://www.pixiv.net/artworks/91953654,https://i.pximg.net/c/360x360_70/img-master/img/2021/08/14/00/00/06/91953654_p0_square1200.jpg,ã‚±ãƒ¼ã‚¹ãƒ¯ãƒ™ã€K-SUWABEã€‘,https://www.pixiv.net/users/24517,https://i.pximg.net/user-profile/img/2013/10/02/01/13/06/6886478_3c237016f745b2af64b44fefe5e27126_50.jpg
no.1382 ã€ ã ã¾ã‚Œé¼“å‹• ã€,https://www.pixiv.net/artworks/91954274,https://i.pximg.net/c/360x360_70/img-master/img/2021/08/14/00/10/21/91954274_p0_square1200.jpg,8810ï½œHayato,https://www.pixiv.net/users/27384568,https://i.pximg.net/user-profile/img/2021/02/28/21/46/29/20279298_2ab0b9ce20b303b986909a1caf9b0080_50.jpg
ä½ä¼¯ãƒªãƒ„ã‚«ã¡ã‚ƒã‚“ãŠèª•ç”Ÿæ—¥ã‚¤ãƒ©ã‚¹ãƒˆ,https://www.pixiv.net/artworks/91982854,https://i.pximg.net/c/360x360_70/img-master/img/2021/08/15/00/15/42/91982854_p0_square1200.jpg,æ£®å€‰å††,https://www.pixiv.net/users/177784,https://i.pximg.net/user-profile/img/2020/05/02/10/34/17/18458158_623bd95bf01e0389b31061a97e05904e_50.jpg
åŒå­ãŸã¡ã®è«¸äº‹æƒ…ã€75ã€‘,https://www.pixiv.net/artworks/91964720,https://i.pximg.net/c/360x360_70/img-master/img/2021/08/14/12/39/18/91964720_p0_square1200.jpg,é‰„ä¸€,https://www.pixiv.net/users/39664106,https://i.pximg.net/user-profile/img/2019/07/20/07/14/54/16029554_6e6ff6dfb15d263233617cbc1bf4dd93_50.jpg
PURPLE CHILDE,https://www.pixiv.net/artworks/91967539,https://i.pximg.net/c/360x360_70/custom-thumb/img/2021/08/14/15/15/55/91967539_p0_custom1200.jpg,Sakon04,https://www.pixiv.net/users/13072125,https://i.pximg.net/user-profile/img/2014/12/16/00/27/28/8726991_aded4cb36017c75358144e7c902d6ead_50.jpg
Memories of a Town,https://www.pixiv.net/artworks/91999833,https://i.pximg.net/c/360x360_70/img-master/img/2021/08/15/16/45/04/91999833_p0_square1200.jpg,c7è‚˜,https://www.pixiv.net/users/217707,https://i.pximg.net/user-profile/img/2014/04/14/10/52/23/7740489_f3b00df33e4aa0049aa62dce75f6bd46_50.jpg
ğŸŒ¸ğŸ€ğŸŒ¸,https://www.pixiv.net/artworks/91954929,https://i.pximg.net/c/360x360_70/custom-thumb/img/2021/08/14/00/30/07/91954929_p0_custom1200.jpg,TAYA,https://www.pixiv.net/users/5323203,https://i.pximg.net/user-profile/img/2020/11/10/01/14/18/19645254_05af05ccd586f188054ac887e21868a2_50.jpg
ã€ˆå‰µä½œæ¼«ç”»ã€‰2021å¹´8æœˆ15æ—¥,https://www.pixiv.net/artworks/92008547,https://i.pximg.net/c/360x360_70/img-master/img/2021/08/15/21/49/47/92008547_p0_square1200.jpg,æ£®æ°¸ãƒŸã‚¯(å›ãƒå£°â‘¡5/14ï¼‰,https://www.pixiv.net/users/5496502,https://i.pximg.net/user-profile/img/2016/05/09/15/15/06/10911653_acf4de8a976474928a0ad056a64d813b_50.jpg
ğŸŒŠ,https://www.pixiv.net/artworks/91982274,https://i.pximg.net/c/360x360_70/img-master/img/2021/08/15/00/06/33/91982274_p0_square1200.jpg,ã‚¦ãƒŸ,https://www.pixiv.net/users/39258616,https://i.pximg.net/user-profile/img/2020/05/04/19/12/59/18476781_1e11bfe3e79105fa02596f1d72c2e65b_50.jpg
Envy cat walk,https://www.pixiv.net/artworks/91987982,https://i.pximg.net/c/360x360_70/img-master/img/2021/08/15/03/06/50/91987982_p0_square1200.jpg,Rumoon,https://www.pixiv.net/users/9095552,https://i.pximg.net/user-profile/img/2021/06/15/16/32/05/20878592_b56d5b19e60802ef5cc3ceb0b807e87f_50.jpg
